8143, 8132, 8246, 8124
8142, 8137, 8246, 8124
8255, 8122, 8215, 8126
8255, 8122, 8215, 8121
8255, 8132, 8215, 8127
8235, 8132, 8215, 8137
8255, 8132, 8215, 8127
8235, 8132, 8215, 8137
8235, 8130, 8215, 8128
8235, 8102, 8215, 8127
8255, 8225, 8242, 8177
8255, 8222, 8212, 8117
8255, 8122, 8212, 8127
8255, 8122, 8215, 8137
8255, 8122, 8215, 8126
8152, 8137, 8242, 8327
8152, 8135, 8242, 8327
8152, 8235, 8242, 8165
8255, 8225, 8242, 8177
8255, 8222, 8212, 8117
8255, 8122, 8212, 8127
8255, 8122, 8215, 8137
8255, 8122, 8215, 8121
8255, 8132, 8215, 8127
8235, 8132, 8215, 8137
8235, 8130, 8215, 8128
8255, 8122, 8212, 8127
8235, 8132, 8215, 8137
8235, 8130, 8215, 8128
8135, 8130, 8215, 8127
8255, 8122, 8215, 8126
8235, 8130, 8215, 8128
8141, 8137, 8246, 8324
8145, 8133, 8246, 8324
8146, 8153, 8246, 8324
8146, 8136, 8246, 8324
8142, 8132, 8246, 8324
8143, 8135, 8246, 8324
8146, 8137, 8246, 8324
8146, 8197, 8246, 8324
8235, 8102, 8215, 8127
8135, 8130, 8215, 8127
8255, 8225, 8242, 8177
8255, 8222, 8212, 8117
8255, 8122, 8212, 8127
8255, 8122, 8215, 8137
8255, 8122, 8215, 8126
8255, 8122, 8215, 8121
8255, 8122, 8215, 8137
8235, 8102, 8215, 8127
8255, 8122, 8215, 8137
8255, 8122, 8215, 8126
8255, 8122, 8215, 8121
8255, 8132, 8215, 8127
8235, 8132, 8215, 8137
8235, 8130, 8215, 8128
8255, 8225, 8242, 8177
8135, 8130, 8215, 8127
8255, 8225, 8242, 8177
8135, 8130, 8215, 8127
8255, 8225, 8242, 8177
8255, 8222, 8212, 8117
8255, 8122, 8212, 8127
8255, 8122, 8215, 8137
8235, 8102, 8215, 8127
8143, 8132, 8246, 8124
8142, 8137, 8246, 8124
8255, 8122, 8215, 8126
8255, 8122, 8215, 8121
8255, 8132, 8215, 8127
8235, 8132, 8215, 8137
8255, 8132, 8215, 8127
8235, 8132, 8215, 8137
8235, 8130, 8215, 8128
8235, 8102, 8215, 8127
8255, 8225, 8242, 8177
8255, 8222, 8212, 8117
8255, 8122, 8212, 8127
8255, 8222, 8212, 8117
8255, 8122, 8212, 8127
8255, 8122, 8215, 8137
8255, 8132, 8215, 8127
8255, 8122, 8215, 8137
8255, 8122, 8212, 8127
8255, 8122, 8215, 8126
8235, 8130, 8215, 8128
8141, 8137, 8246, 8324
8145, 8133, 8246, 8324
8146, 8153, 8246, 8324
8146, 8136, 8246, 8324
8142, 8132, 8246, 8324
8255, 8222, 8212, 8117
8152, 8137, 8242, 8327
8152, 8135, 8242, 8327
8152, 8235, 8242, 8165
8255, 8225, 8242, 8177
8255, 8222, 8212, 8117
8255, 8122, 8212, 8127
8255, 8122, 8215, 8137
8255, 8122, 8215, 8121
8143, 8135, 8246, 8324
8146, 8137, 8246, 8324
8146, 8197, 8246, 8324
8235, 8102, 8215, 8127
8255, 8122, 8212, 8127
8255, 8122, 8215, 8137
8255, 8122, 8215, 8126
8255, 8122, 8215, 8121
8255, 8122, 8215, 8121
8255, 8132, 8215, 8127
8235, 8132, 8215, 8137
8235, 8130, 8215, 8128
8235, 8102, 8215, 8127
8235, 8102, 8215, 8127
